ID,Name,Team,Pos,Price,16_pts_no_prob,16_prob,16_with_prob
1,"Fábio Vieira",ARS,MID,5.4,0,0,0
2,G.Jesus,ARS,FWD,6.8,2.16419,0.81549,1.76488
3,Gabriel,ARS,DEF,6.2,2.80432,0.64,1.79477
4,Havertz,ARS,FWD,7.9,3.22232,0.87361,2.81506
5,Hein,ARS,GK,4,0,0,0
6,J.Timber,ARS,DEF,5.6,2.99582,0.93372,2.79725
7,Jorginho,ARS,MID,4.7,1.77212,0.73977,1.31095
8,Kiwior,ARS,DEF,4.8,2.12465,0.76943,1.63477
9,Martinelli,ARS,MID,6.8,2.6818,0.76427,2.04961
10,Nelson,FUL,MID,5,2.01118,0.07547,0.15178
11,Nketiah,CRY,FWD,5.9,1.75186,0.8919,1.56248
12,Nwaneri,ARS,MID,4.5,1.68074,0.64357,1.08167
13,Ødegaard,ARS,MID,8.3,4.04489,0.93887,3.79761
14,Ramsdale,SOU,GK,4.4,3.66999,0.01,0.0367
15,Raya,ARS,GK,5.6,3.48798,0.94941,3.31153
16,Rice,ARS,MID,6.2,3.4522,0.92401,3.18986
17,Saka,ARS,MID,10.5,5.22619,0.94098,4.91775
18,Saliba,ARS,DEF,6.2,3.61727,0.90895,3.28791
19,"Smith Rowe",FUL,MID,5.5,2.34391,0.92959,2.17888
20,Thomas,ARS,MID,5,2.77953,0.85216,2.3686
21,Tierney,ARS,DEF,4.3,2.43657,0.02048,0.04989
22,Tomiyasu,ARS,DEF,4.8,0,0,0
23,Trossard,ARS,MID,6.8,2.63141,0.94123,2.47677
24,White,ARS,DEF,6.1,0,0,0
25,Zinchenko,ARS,DEF,4.8,2.92572,0.36203,1.05921
26,"Alex Moreno",NFO,DEF,4.4,0,0,0
27,Archer,SOU,FWD,5,2.19402,0.94087,2.06429
28,Bailey,AVL,MID,6.2,2.27984,0.07952,0.1813
29,Barkley,AVL,MID,5.2,2.01191,0.92573,1.86248
30,Barrenechea,AVL,MID,4.9,0,0,0
31,Buendia,AVL,MID,5.2,1.61501,0.51646,0.83409
32,Cash,AVL,DEF,4.4,2.31414,0.73935,1.71097
33,Dendoncker,AVL,MID,4.5,0,0,0
34,Diaby,AVL,MID,6.5,0,0,0
35,"Diego Carlos",AVL,DEF,4.5,2.40533,0.62189,1.49586
36,Digne,AVL,DEF,4.7,2.84426,0.94122,2.67707
37,Dobbin,AVL,MID,5,0,0,0
38,Duran,AVL,FWD,5.8,1.525,0.93996,1.43343
39,Gauci,AVL,GK,4,3.55525,0.06,0.21332
40,Hause,AVL,DEF,4,2.13332,2.0E-5,3.0E-5
41,"Iling Jr",AVL,MID,5.4,0,0,0
42,Kamara,AVL,MID,5,1.89355,0.8924,1.68981
43,Kesler-Hayden,AVL,DEF,4,0,0,0
44,Konsa,AVL,DEF,4.4,2.96362,0.90748,2.68944
45,Maatsen,AVL,DEF,4.6,2.28917,0.75716,1.73327
46,Marschall,AVL,GK,4,0,0,0
47,Martinez,AVL,GK,5,4.02886,0.94937,3.82487
48,McGinn,AVL,MID,5.2,2.37098,0.93715,2.22197
49,Mings,AVL,DEF,4.4,2.57966,0.21529,0.55536
50,Nedeljkovic,AVL,DEF,4,2.11648,0.03043,0.0644
51,Olsen,AVL,GK,4.5,3.76937,0.00354,0.01335
52,Pau,AVL,DEF,4.4,2.78168,0.82216,2.28697
53,Ramsey,AVL,MID,5.4,2.40585,0.01,0.02406
54,Rogers,AVL,MID,5.4,2.69094,0.88449,2.3801
55,Sinisalo,AVL,GK,4,0,0,0
56,Sousa,AVL,DEF,4,0,0,0
57,Tielemans,AVL,MID,5.5,3.13072,0.94055,2.94461
58,Watkins,AVL,FWD,9,3.16158,0.94121,2.97572
59,Aarons,BOU,DEF,4.3,2.27566,0.12072,0.27471
60,Adams,BOU,MID,4.9,2.11834,0.69785,1.47828
61,Anthony,BOU,MID,4.5,0,0,0
62,Brooks,BOU,MID,4.9,1.82153,0.87008,1.58487
63,Christie,BOU,MID,4.9,2.70429,0.93359,2.52469
64,Cook,BOU,MID,5,2.85675,0.85413,2.44005
65,"Enes Ünal",BOU,FWD,5.4,1.83929,0.88791,1.63313
66,Faivre,BOU,MID,5,0,0,0
67,H.Traorè,BOU,MID,4.5,0,0,0
68,Hill,BOU,DEF,3.9,2.00199,0.21872,0.43787
69,Jebbison,BOU,FWD,4.5,0,0,0
70,Kerkez,BOU,DEF,4.6,2.97501,0.93997,2.79642
71,Kluivert,BOU,MID,5.5,2.97224,0.94077,2.79618
72,Mepham,BOU,DEF,4.4,0,0,0
73,Neto,ARS,GK,4.2,3.19353,0.06031,0.19261
74,O.Dango,BOU,MID,5,2.20551,0.93003,2.05118
75,Paulsen,BOU,GK,4,0,0,0
76,Philip,BOU,MID,4.8,2.09262,0.55747,1.16657
77,Scott,BOU,MID,4.7,0,0,0
78,Semenyo,BOU,MID,5.7,3.24181,0.85403,2.7686
79,Senesi,BOU,DEF,4.8,0,0,0
80,Sinisterra,BOU,MID,4.9,0,0,0
81,Smith,BOU,DEF,4.5,2.34804,0.93749,2.20125
82,Solanke,TOT,FWD,7.5,3.72022,0.85271,3.17226
83,Tavernier,BOU,MID,5.5,3.22795,0.94091,3.03722
84,Travers,BOU,GK,4.4,3.35265,0.06144,0.20598
85,Zabarnyi,BOU,DEF,4.4,2.76112,0.93943,2.59388
86,Ajer,BRE,DEF,4.4,2.6583,0.751,1.99639
87,Brierley,BRE,MID,4.5,1.72004,2.0E-5,3.0E-5
88,Collins,BRE,DEF,4.5,3.0091,0.94066,2.83053
89,Damsgaard,BRE,MID,5,2.54841,0.94043,2.39661
90,Dasilva,BRE,MID,4.8,0,0,0
91,Flekken,BRE,GK,4.5,4.78469,0.94941,4.54264
92,Henry,BRE,DEF,4.3,0,0,0
93,Hickey,BRE,DEF,4.3,0,0,0
94,Janelt,BRE,MID,4.9,2.45375,0.50392,1.2365
95,Jensen,BRE,MID,5.3,2.32423,0.30768,0.71513
96,Ji-soo,BRE,DEF,3.9,2.43751,2.0E-5,4.0E-5
97,Konak,BRE,MID,4.5,1.46913,0.16385,0.24072
98,Lewis-Potter,BRE,MID,5,2.28331,0.93727,2.14008
99,Mbeumo,BRE,MID,7.6,3.07893,0.94123,2.89799
100,Mee,BRE,DEF,4.2,2.76449,0.29353,0.81147
101,Nørgaard,BRE,MID,4.8,2.25906,0.80663,1.82222
102,Onyeka,BRE,MID,4.9,0,0,0
103,Peart-Harris,BRE,MID,4.5,0,0,0
104,Pinnock,BRE,DEF,4.5,3.18147,0.94071,2.99284
105,Roerslev,BRE,DEF,4.3,2.48766,0.57709,1.43561
106,Schade,BRE,MID,5.1,2.1804,0.94072,2.05114
107,Thiago,BRE,FWD,5.9,1.9429,0.79576,1.54608
108,Toney,BRE,FWD,7.3,2.7014,0,1.42222
109,Valdimarsson,BRE,GK,4,4.15409,0.06,0.24925
110,Wissa,BRE,FWD,6.2,2.47967,0.93595,2.32085
111,Yarmoliuk,BRE,MID,4.4,1.6392,0.8893,1.45773
112,Zanka,BRE,DEF,4.5,0,0,0
113,Adingra,BHA,MID,5.3,2.29323,0.66117,1.51621
114,Baker-Boaitey,BHA,MID,4.5,0,0,0
115,Baleba,BHA,MID,5,1.99216,0.88196,1.75701
116,Barco,BHA,DEF,4,0,0,0
117,Buonanotte,LEI,MID,5,2.45872,0.73622,1.81016
118,Cozier-Duberry,BHA,MID,4.5,0,0,0
119,Dahoud,BHA,MID,4.9,2.1653,0,0.00853
120,Dunk,BHA,DEF,4.4,2.52988,0.88624,2.24209
121,Enciso,BHA,MID,5.4,1.82527,0.20894,0.38136
122,Estupiñan,BHA,DEF,5.1,2.84969,0.93014,2.65062
123,Ferguson,BHA,FWD,5.5,1.98272,0.85321,1.69167
124,Gilmour,BHA,MID,5,2.12457,0,1.97711
125,Gross,BHA,MID,6.5,0,0,0
126,Hinshelwood,BHA,MID,5,2.58043,0.06863,0.17709
127,I.Osman,BHA,MID,5,0,0,0
128,Igor,BHA,DEF,4.4,2.3138,0.89871,2.07944
129,"João Pedro",BHA,FWD,5.9,3.05336,0.87458,2.67039
130,Kozlowski,BHA,MID,4.5,0,0,0
131,Lamptey,BHA,DEF,4.4,2.19272,0.66799,1.46472
132,March,BHA,MID,6.5,3.04772,0.0864,0.26332
133,Mazilu,BHA,MID,4.5,0,0,0
134,Milner,BHA,MID,5,0,0,0
135,Minteh,BHA,MID,5.1,2.09169,0.79143,1.65543
136,Mitoma,BHA,MID,6.6,3.34769,0.94088,3.14977
137,Moder,BHA,MID,4.4,1.66974,0.16594,0.27707
138,O’Mahony,BHA,FWD,4.5,0,0,0
139,Offiah,BHA,DEF,4,0,0,0
140,Peupion,BHA,MID,4.4,1.865,5.0E-5,9.0E-5
141,Sarmiento,BHA,MID,4.9,0,0,0
142,Steele,BHA,GK,4.2,3.28156,0.06026,0.19774
143,Undav,BHA,FWD,5.5,0,0,0
144,"Van Hecke",BHA,DEF,4.5,2.55432,0.9205,2.35125
145,Veltman,BHA,DEF,4.5,2.44332,0.47396,1.15804
146,Verbruggen,BHA,GK,4.5,3.34925,0.94935,3.1796
147,Webster,BHA,DEF,4.3,2.19196,0.04627,0.10142
148,Welbeck,BHA,FWD,5.8,2.81283,0.82779,2.32843
149,Wieffer,BHA,MID,4.7,1.73659,0.84017,1.45902
150,"Andrey Santos",CHE,MID,4.5,0,0,0
151,Ângelo,CHE,MID,4.5,1.8296,0,0.01526
152,Arrizabalaga,BOU,GK,4.5,3.38131,0.94879,3.20813
153,B.Badiashile,CHE,DEF,4.3,2.31822,0.51388,1.19129
154,Bergström,CHE,GK,4,3.23702,0.002,0.00647
155,Bettinelli,CHE,GK,3.9,3.23702,0.002,0.00647
156,Broja,EVE,FWD,5.4,1.42152,0.79053,1.12376
157,Caicedo,CHE,MID,4.9,2.65902,0.9412,2.50267
158,Casadei,CHE,MID,4.4,1.689,0.02168,0.03661
159,Chalobah,CRY,DEF,4.4,2.82868,0.90384,2.55666
160,Chilwell,CHE,DEF,4.7,2.67696,0.00242,0.00648
161,Chukwuemeka,CHE,MID,4.8,2.06,0.00369,0.0076
162,Colwill,CHE,DEF,4.5,2.6625,0.81495,2.16981
163,Cucurella,CHE,DEF,5.1,2.49556,0.91587,2.28561
164,D.D.Fofana,CHE,FWD,5.4,2.38753,0,0.86819
165,Deivid,CHE,FWD,4.9,1.80575,0.00112,0.00203
166,Dewsbury-Hall,CHE,MID,5.6,2.21282,0.31675,0.70092
167,Disasi,CHE,DEF,4.2,2.46314,0.21301,0.52467
168,Enzo,CHE,MID,5,3.17978,0.92995,2.95705
169,Gallagher,CHE,MID,5.9,2.82207,0,2.2216
170,Gilchrist,CHE,DEF,4,0,0,0
171,Gusto,CHE,DEF,4.9,2.42375,0.93544,2.26727
172,James,CHE,DEF,4.9,0,0,0
173,Kellyman,CHE,MID,4.4,0,0,0
174,Lavia,CHE,MID,4.5,1.84143,0.76936,1.41673
175,Lukaku,CHE,FWD,6.3,0,0,0
176,M.Sarr,CHE,DEF,4.5,0,0,0
177,Madueke,CHE,MID,6.3,2.97403,0.93575,2.78296
178,"Marc Guiu",CHE,FWD,4.7,1.7923,0.00777,0.01392
179,Mudryk,CHE,MID,6.2,2.14084,0.11726,0.25104
180,N.Jackson,CHE,FWD,8.2,3.26042,0.8281,2.69994
181,Nkunku,CHE,MID,5.8,2.2381,0.89915,2.0124
182,Palmer,CHE,MID,11.1,6.96199,0.94035,6.54673
183,Petrović,CHE,GK,4.4,0,0,0
184,"Renato Veiga",CHE,MID,4.5,1.48531,0.48916,0.72655
185,Sánchez,CHE,GK,4.8,3.23991,0.8,2.59193
186,Sterling,ARS,MID,6.7,2.12378,0.36858,0.78278
187,Tosin,CHE,DEF,4.2,2.19858,0.28363,0.62359
188,Ugochukwu,SOU,MID,4.5,1.43821,0.39216,0.56401
189,W.Fofana,CHE,DEF,4.4,0,0,0
190,Ahamada,CRY,MID,4.5,0,0,0
191,Andersen,FUL,DEF,4.2,0,0,0
192,J.Ayew,LEI,MID,5.2,1.91031,0.93832,1.79248
193,C.Doucouré,CRY,MID,4.9,1.64608,0.5602,0.92213
194,C.Richards,CRY,DEF,4.4,2.42428,0.43745,1.0605
195,"Chadi Riad",CRY,DEF,4.3,2.6691,0.17497,0.46701
196,Clyne,CRY,DEF,4.3,2.54254,0.33341,0.8477
197,Ebiowei,CRY,MID,4.5,0,0,0
198,Edouard,LEI,FWD,5.2,1.66184,0.20199,0.33567
199,Eze,CRY,MID,6.6,2.96845,0.93875,2.78663
200,Guéhi,CRY,DEF,4.5,2.92122,0.94033,2.74692
201,Henderson,CRY,GK,4.4,4.31199,0.9494,4.09382
202,Holding,CRY,DEF,4.3,2.66528,0.00067,0.00179
203,Hughes,CRY,MID,4.9,2.07028,0.93439,1.93445
204,Johnstone,WOL,GK,4.3,2.78511,0.2,0.55702
205,Kamada,CRY,MID,5.1,1.82608,0.6286,1.14787
206,Lerma,CRY,MID,4.8,2.02591,0.91149,1.84659
207,Mateta,CRY,FWD,7.2,2.56251,0.94123,2.41192
208,M.França,CRY,MID,4.4,0,0,0
209,Matthews,CRY,GK,4,3.93774,0.002,0.00788
210,Mitchell,CRY,DEF,4.8,2.82123,0.94123,2.65543
211,Muñoz,CRY,DEF,4.7,2.89211,0.8884,2.56934
212,Ozoh,CRY,MID,4.5,0,0,0
213,Rak-Sakyi,CRY,MID,4.5,0,0,0
214,Schlupp,CRY,MID,4.7,1.5748,0.52294,0.82353
215,Ward,CRY,DEF,4.3,2.42714,0.01352,0.03282
216,Wharton,CRY,MID,4.7,2.46214,0.25796,0.63514
217,A.Doucoure,EVE,MID,5.1,2.26475,0.92285,2.09002
218,Beto,EVE,FWD,5,1.38959,0.63235,0.8787
219,Branthwaite,EVE,DEF,4.8,2.82744,0.93593,2.64628
220,Calvert-Lewin,EVE,FWD,5.5,2.22414,0.94086,2.09259
221,Coleman,EVE,DEF,4.3,2.79639,0.0872,0.24386
222,Gana,EVE,MID,4.9,2.07527,0.9368,1.94411
223,Garner,EVE,MID,4.9,0,0,0
224,Harrison,EVE,MID,5.3,2.00976,0.84846,1.70521
225,Holgate,EVE,DEF,4,0,0,0
226,Iroegbunam,EVE,MID,4.4,0,0,0
227,J.Virginia,EVE,GK,3.9,4.45094,0.002,0.0089
228,Keane,EVE,DEF,4.1,2.61589,0.10028,0.26233
229,Maupay,EVE,FWD,4.9,1.61621,0,0.59635
230,McNeil,EVE,MID,5.4,3.01076,0.93844,2.82541
231,Mykolenko,EVE,DEF,4.3,3.02464,0.91163,2.75736
232,Ndiaye,EVE,FWD,5.4,2.17907,0.9379,2.04375
233,Onana,AVL,MID,4.9,2.11204,0.89439,1.88899
234,Patterson,EVE,DEF,4.4,2.54981,0.22044,0.56208
235,Pickford,EVE,GK,4.9,4.55187,0.94941,4.3216
236,Tarkowski,EVE,DEF,4.8,3.24294,0.94123,3.05236
237,"Y. Chermiti",EVE,FWD,4.9,0,0,0
238,Young,EVE,DEF,4.6,2.88336,0.93033,2.68248
239,Adama,FUL,MID,4.8,2.08171,0.85152,1.77263
240,Andreas,FUL,MID,5.1,2.28185,0.84995,1.93945
241,Bassey,FUL,DEF,4.5,0,0,0
242,Benda,FUL,GK,4,4.83512,0.06,0.29011
243,Cairney,FUL,MID,4.8,0,0,0
244,Castagne,FUL,DEF,4.2,2.81052,0.57765,1.62351
245,Diop,FUL,DEF,4.4,2.7455,0.69228,1.90066
246,Harris,FUL,MID,4.5,0,0,0
247,Iwobi,FUL,MID,5.7,2.85895,0.94122,2.6909
248,Leno,FUL,GK,5,5.35329,0.94941,5.08248
249,Lukić,FUL,MID,4.8,1.67798,0.77437,1.29938
250,Mbabu,FUL,DEF,4,2.53503,0,0.06793
251,Muniz,FUL,FWD,5.5,1.4923,0.91586,1.36674
252,Raúl,FUL,FWD,5.5,2.2485,0.93312,2.09811
253,Ream,FUL,DEF,4.5,0,0,0
254,Reed,FUL,MID,4.7,0,0,0
255,Robinson,FUL,DEF,4.7,3.22106,0.94123,3.03177
256,Stansfield,FUL,FWD,5,1.39039,0,0.49512
257,Tete,FUL,DEF,4.5,2.90018,0.81351,2.35931
258,Vinicius,FUL,FWD,5,1.31992,0.0004,0.00053
259,Wilson,FUL,MID,5.2,1.45949,0.8817,1.28683
260,Al-Hamadi,IPS,FWD,4.8,1.55778,0.54589,0.85038
261,Baggott,IPS,DEF,4,0,0,0
262,Broadhead,IPS,MID,4.9,2.03095,0.37237,0.75626
263,Burgess,IPS,DEF,4,2.40465,0.71236,1.71298
264,Burns,IPS,MID,4.8,2.39765,0.88259,2.11614
265,Chaplin,IPS,MID,5.1,2.12885,0.86825,1.84838
266,H.Clarke,IPS,DEF,4,1.98397,0.47769,0.94773
267,Davis,IPS,DEF,4.5,3.04939,0.9412,2.8701
268,Delap,IPS,FWD,5.6,2.87682,0.94101,2.70712
269,Edmundson,IPS,DEF,4,0,0,0
270,Greaves,IPS,DEF,4,2.31953,0.44829,1.03983
271,Harness,IPS,MID,4.9,0,0,0
272,Hirst,IPS,FWD,5.4,0,0,0
273,Humphreys,IPS,MID,4.5,0,0,0
274,Hutchinson,IPS,MID,5.2,2.61828,0.90895,2.37989
275,Johnson,IPS,DEF,3.9,2.2702,0.66975,1.52046
276,Ladapo,IPS,FWD,4.5,0,0,0
277,Luongo,IPS,MID,4.4,1.79213,0.19642,0.352
278,Morsy,IPS,MID,4.9,2.58475,0.90893,2.34937
279,Ndaba,IPS,DEF,4,0,0,0
280,Slicker,IPS,GK,4,3.60675,0.00214,0.00772
281,Taylor,IPS,MID,4.8,1.93967,0.87522,1.69764
282,Tuanzebe,IPS,DEF,4,0,0,0
283,Walton,IPS,GK,4.3,3.89251,0.06013,0.23407
284,Woolfenden,IPS,DEF,4,2.24607,0.14263,0.32035
285,B.Soumaré,LEI,MID,4.4,0,0,0
286,Cannon,LEI,FWD,4.5,0,0,0
287,Choudhury,LEI,MID,4.3,1.68911,0.05065,0.08555
288,Coady,LEI,DEF,4,2.39624,0.5497,1.31722
289,Daka,LEI,FWD,4.8,1.52465,0.9073,1.38332
290,"De Cordova-Reid",LEI,MID,5.2,1.68612,0.83028,1.39995
291,Faes,LEI,DEF,4.1,2.5672,0.94123,2.41633
292,Golding,LEI,MID,4.4,1.74313,0.02267,0.03953
293,Hermansen,LEI,GK,4.5,4.38024,0.94938,4.15852
294,Iversen,LEI,GK,4,4.05392,0.06027,0.24434
295,Justin,LEI,DEF,4.5,2.91345,0.89997,2.62201
296,Kristiansen,LEI,DEF,4.5,3.053,0.81063,2.47485
297,Marcal,LEI,MID,4.5,0,0,0
298,Mavididi,LEI,MID,5.3,2.15109,0.88851,1.91127
299,McAteer,LEI,MID,4.7,1.88736,0.68076,1.28483
300,Ndidi,LEI,MID,5,2.31392,0.64,1.4809
301,Okoli,LEI,DEF,4,2.5415,0.54872,1.39457
302,Ricardo,LEI,DEF,4.2,0,0,0
303,Souttar,LEI,DEF,4,0,0,0
304,Stolarczyk,LEI,GK,4,0,0.002,0
305,Thomas,LEI,DEF,3.9,2.42007,0.14389,0.34823
306,Vardy,LEI,FWD,5.6,2.46739,0.88831,2.19181
307,Vestergaard,LEI,DEF,4,2.50186,0.75868,1.8981
308,Ward,LEI,GK,4,4.05392,0.00201,0.00815
309,Winks,LEI,MID,4.5,2.11232,0.07485,0.15811
310,A.Becker,LIV,GK,5.4,3.52808,0.94925,3.34903
311,Alexander-Arnold,LIV,DEF,7,4.01318,0.94012,3.77287
312,Bajcetic,LIV,MID,4.5,0,0,0
313,Bradley,LIV,DEF,4.7,0,0,0
314,Carvalho,BRE,MID,4.7,1.69261,0.83694,1.41661
315,Clark,LIV,MID,4.5,1.75517,0,0.05973
316,Darwin,LIV,FWD,7.1,2.19431,0.88883,1.95037
317,"Diogo J.",LIV,MID,7.2,2.62525,0.07053,0.18516
318,Doak,LIV,MID,4.5,0,0,0
319,Elliott,LIV,MID,5.2,2.19304,0.47448,1.04055
320,Endo,LIV,MID,4.7,1.65325,0.46743,0.77277
321,Gakpo,LIV,FWD,7.1,2.52598,0.93943,2.37298
322,Gomez,LIV,DEF,4.9,2.13621,0.56944,1.21644
323,Gravenberch,LIV,MID,5,2.49835,0.93707,2.34113
324,Jones,LIV,MID,5.3,2.3923,0.91951,2.19974
325,Kelleher,LIV,GK,4.6,3.58137,0.06836,0.24482
326,Konaté,LIV,DEF,5.2,0,0,0
327,"Luis Díaz",LIV,MID,7.4,2.6852,0.94123,2.5274
328,M.Salah,LIV,MID,13.3,5.20411,0.941,4.89709
329,"Mac Allister",LIV,MID,6.2,0,0,0
330,McConnell,LIV,MID,4.4,1.71884,0.0007,0.00121
331,Morton,LIV,MID,4.4,1.7649,0.00497,0.00877
332,N.Phillips,LIV,DEF,4,0,0,0
333,Quansah,LIV,DEF,3.9,2.30028,0.4253,0.97831
334,R.Williams,LIV,DEF,4,0,0,0
335,Robertson,LIV,DEF,5.9,3.61633,0.8845,3.19864
336,Szoboszlai,LIV,MID,6.3,2.51799,0.94102,2.36949
337,Tsimikas,LIV,DEF,4.6,0,0,0
338,"Van den Berg",BRE,DEF,4.1,2.66498,0.92714,2.47082
339,Virgil,LIV,DEF,6.4,2.70302,0.94123,2.54417
340,Akanji,MCI,DEF,5.3,2.5196,0.26183,0.65972
341,Aké,MCI,DEF,5.3,0,0,0
342,Bernardo,MCI,MID,6.3,3.40235,0.94029,3.19919
343,Bobb,MCI,MID,4.7,0,0,0
344,Carson,MCI,GK,4,3.39079,0.002,0.00678
345,"De Bruyne",MCI,MID,9.5,3.82011,0.94004,3.59105
346,Doku,MCI,MID,6.2,2.57415,0.86021,2.21431
347,"Ederson M.",MCI,GK,5.4,3.06946,0.5,1.53473
348,Foden,MCI,MID,9.1,3.27996,0.23163,0.75975
349,Grealish,MCI,MID,6.4,2.10764,0.91616,1.93094
350,Gvardiol,MCI,DEF,6.1,3.09838,0.85356,2.64463
351,Haaland,MCI,FWD,14.9,5.31635,0.94066,5.00086
352,J.Alvarez,MCI,FWD,7,3.18411,0,0
353,"João Cancelo",MCI,DEF,5.3,0,0,0
354,Kovačić,MCI,MID,5.4,2.26916,0.01,0.02269
355,Lewis,MCI,DEF,4.7,0,0,0
356,"Matheus N.",MCI,MID,4.9,2.25477,0.88815,2.00258
357,McAtee,MCI,MID,4.6,2.06062,0.19162,0.39485
358,"Ortega Moreno",MCI,GK,5.2,3.30357,0.5,1.65178
359,Phillips,IPS,MID,4.8,1.94403,0.42344,0.82317
360,Rodrigo,MCI,MID,6.3,0,0,0
361,Rúben,MCI,DEF,5.4,2.45431,0.91861,2.25455
362,Stones,MCI,DEF,5.3,2.44111,0.15924,0.38873
363,Walker,MCI,DEF,5.2,2.83202,0.8999,2.54852
364,Amad,MUN,MID,5.1,2.4877,0.89243,2.2201
365,Antony,MUN,MID,5.7,1.67726,0.25261,0.42369
366,B.Fernandes,MUN,MID,8.5,3.07363,0.9412,2.8929
367,Bayindir,MUN,GK,4.3,4.7882,0.06,0.28729
368,Casemiro,MUN,MID,4.8,2.31577,0.60029,1.39013
369,Dalot,MUN,DEF,5.2,3.3517,0.94123,3.15473
370,Eriksen,MUN,MID,5.4,2.09725,0.42852,0.89871
371,Evans,MUN,DEF,4.4,0,0,0
372,Garnacho,MUN,MID,6.3,2.20949,0.94123,2.07964
373,Hannibal,MUN,MID,4.5,0,0,0
374,Heaton,MUN,GK,4,4.47783,0.002,0.00896
375,Højlund,MUN,FWD,6.9,2.20029,0.85049,1.87133
376,Lindelof,MUN,DEF,4.3,2.68851,0.20964,0.56361
377,Maguire,MUN,DEF,4.9,2.55387,0.88123,2.25053
378,Mainoo,MUN,MID,5.2,1.92996,0.906,1.74855
379,Malacia,MUN,DEF,4.4,2.86117,0.31569,0.90325
380,Martinez,MUN,DEF,4.4,2.86949,0.89804,2.57693
381,McTominay,MUN,MID,4.9,1.82109,0,1.67231
382,Mount,MUN,MID,6.3,1.59957,0.87255,1.3957
383,Onana,MUN,GK,5.2,4.92708,0.94941,4.67783
384,Pellistri,MUN,MID,5,1.8448,0,0.03429
385,Rashford,MUN,MID,7,2.07135,0.93999,1.94705
386,Sancho,CHE,MID,6.2,2.72105,0.87085,2.36963
387,Shaw,MUN,DEF,4.9,0,0,0
388,Wan-Bissaka,WHU,DEF,4.6,2.76416,0.93636,2.58823
389,Zirkzee,MUN,FWD,6.6,1.82497,0.91277,1.66578
390,A.Murphy,NEW,DEF,4,2.11071,0.00228,0.00482
391,Almirón,NEW,MID,5.5,2.24457,0.37921,0.85116
392,Barnes,NEW,MID,6.2,2.68217,0.94088,2.52361
393,Botman,NEW,DEF,4.4,0,0,0
394,"Bruno G.",NEW,MID,6.1,3.58169,0.94123,3.37121
395,Burn,NEW,DEF,4.4,2.5813,0.87361,2.25506
396,Dúbravka,NEW,GK,4.2,3.32588,0.06025,0.20038
397,Fraser,SOU,MID,4.8,1.60309,0.60713,0.97328
398,Gordon,NEW,MID,7.2,3.65316,0.90879,3.31994
399,Hall,NEW,DEF,4.4,2.95613,0.94024,2.77947
400,Hayden,NEW,MID,4.4,1.98983,0.00016,0.00031
401,Isak,NEW,FWD,8.6,4.56875,0.94033,4.29615
402,J.Murphy,NEW,MID,4.9,2.90489,0.83403,2.42276
403,Joelinton,NEW,MID,6,2.71206,0.94099,2.55202
404,Kelly,NEW,DEF,4.3,2.23542,0.30539,0.68268
405,Krafth,NEW,DEF,4.3,0,0,0
406,Kuol,NEW,MID,4.4,1.98983,0.00016,0.00031
407,Lascelles,NEW,DEF,4.5,0,0,0
408,Lewis,NEW,DEF,4,0,0,0
409,Livramento,NEW,DEF,4.5,2.43752,0.93658,2.28294
410,Longstaff,NEW,MID,4.7,2.42743,0.92896,2.25499
411,Miley,NEW,MID,5,2.55607,0.00307,0.00784
412,Odysseas,NEW,GK,4.3,3.47288,0.002,0.00695
413,Pope,NEW,GK,5,3.668,0.94936,3.48225
414,Ruddy,NEW,GK,4,3.44186,0.002,0.00688
415,Schär,NEW,DEF,5.4,2.57106,0.93332,2.39961
416,Targett,NEW,DEF,4,2.12098,0.00385,0.00817
417,Tonali,NEW,MID,5.5,2.03073,0.93172,1.89207
418,Trippier,NEW,DEF,5.6,4.39221,0.57584,2.52921
419,White,NEW,MID,4.5,0,0,0
420,Willock,NEW,MID,4.8,1.93464,0.77115,1.49189
421,Wilson,NEW,FWD,6.9,2.20304,0.9095,2.00366
422,Aina,NFO,DEF,4.9,3.00173,0.93742,2.81389
423,Anderson,NFO,MID,5,2.77408,0.93392,2.59076
424,Awoniyi,NFO,FWD,5.5,1.64564,0.79893,1.31475
425,Boly,NFO,DEF,4.2,2.36142,0.03761,0.08882
426,Bowler,NFO,MID,4.5,0,0,0
427,C.Miguel,NFO,GK,4.2,3.35779,0.06005,0.20162
428,"Da Silva Moreira",NFO,MID,4.4,1.59769,0.24169,0.38615
429,Danilo,NFO,MID,4.7,0,0,0
430,Dennis,NFO,FWD,4.9,1.6939,0.00048,0.00082
431,Dominguez,NFO,MID,4.8,1.76285,0.91834,1.6189
432,Elanga,NFO,MID,5.1,2.42214,0.94011,2.27707
433,Gibbs-White,NFO,MID,6.3,2.92927,0.86666,2.53867
434,Hudson-Odoi,NFO,MID,5.4,2.5992,0.8281,2.15241
435,Mighten,NFO,MID,4.5,0,0,0
436,Murillo,NFO,DEF,4.6,2.85103,0.94123,2.68348
437,N.Williams,NFO,DEF,4.3,1.89019,0.68198,1.28906
438,O.Richards,NFO,DEF,4.5,0,0,0
439,O'Brien,NFO,MID,5,0,0,0
440,Omobamidele,NFO,DEF,4.3,2.36555,0.00915,0.02164
441,Panzo,NFO,DEF,4,0,0,0
442,Sangaré,NFO,MID,4.4,0,0,0
443,Sels,NFO,GK,4.7,3.29008,0.94885,3.12179
444,Toffolo,NFO,DEF,4.3,2.03823,0.02597,0.05294
445,Turner,CRY,GK,4,3.91431,0.06,0.23488
446,Ui-jo,NFO,FWD,4.5,1.46083,0,0.01766
447,Wood,NFO,FWD,6.5,2.81766,0.94121,2.652
448,Worrall,NFO,DEF,4.5,2.39231,0,0.01012
449,Yates,NFO,MID,4.9,2.13391,0.94123,2.0085
450,Alcaraz,SOU,MID,4.9,0,0,0
451,Amo-Ameyaw,SOU,MID,4.4,1.53225,0.22313,0.34188
452,Aribo,SOU,MID,4.9,2.432,0.9314,2.26516
453,Armstrong,SOU,FWD,5.1,1.93648,0.88968,1.72285
454,Bazunu,SOU,GK,4.3,0,0,0
455,Bednarek,SOU,DEF,4,2.31176,0.21476,0.49648
456,Bella-Kotchap,SOU,DEF,3.9,2.092,0.00071,0.00149
457,Bree,SOU,DEF,3.9,2.06699,0.45359,0.93757
458,Charles,SOU,MID,4.5,0,0,0
459,Edozie,SOU,MID,4.9,0,0,0
460,Edwards,SOU,DEF,3.9,2.0615,0.19084,0.39341
461,Harwood-Bellis,SOU,DEF,4.1,2.16307,0.92962,2.01085
462,Kamaldeen,SOU,MID,5,1.63191,0.70185,1.14536
463,Lallana,SOU,MID,5,1.37713,0.2568,0.35365
464,Larios,SOU,DEF,4,0,0,0
465,Lis,SOU,GK,4,3.6314,0,0.00726
466,Lumley,SOU,GK,4,3.63839,0.002,0.00728
467,Manning,SOU,DEF,4.3,2.54317,0.7992,2.03251
468,Mara,SOU,FWD,5,1.72102,0,0.54005
469,McCarthy,SOU,GK,4.3,3.68934,0.93,3.43108
470,Onuachu,SOU,FWD,4.9,1.38943,0.06482,0.09007
471,Smallbone,SOU,MID,5,0,0,0
472,Stephens,SOU,DEF,4,0,0,0
473,Stewart,SOU,FWD,4.4,0,0,0
474,Sugawara,SOU,DEF,4.4,2.44559,0.77516,1.89573
475,Taylor,SOU,DEF,3.9,2.26821,0.3131,0.71017
476,Walker-Peters,SOU,DEF,4.4,2.73597,0.91222,2.4958
477,Wood,SOU,DEF,4,2.09223,0.39389,0.82411
478,A.Phillips,TOT,DEF,4,0,0,0
479,Austin,TOT,GK,4,4.31758,0.002,0.00864
480,Bentancur,TOT,MID,4.9,0,0,0
481,Bergvall,TOT,MID,4.4,1.79608,0.70637,1.2687
482,Bissouma,TOT,MID,4.9,0,0,0
483,Bryan,TOT,MID,5,0,0,0
484,Davies,TOT,DEF,4.3,0,0,0
485,Devine,TOT,MID,4.5,0,0,0
486,Dragusin,TOT,DEF,4.3,2.58669,0.80035,2.07026
487,E.Royal,TOT,DEF,4.5,2.19304,0,0
488,Forster,TOT,GK,4.3,4.64153,0.94,4.36304
489,Gray,TOT,MID,4.6,1.97184,0.66925,1.31966
490,Højbjerg,TOT,MID,5,0,0,0
491,Johnson,TOT,MID,6.7,3.34104,0.94123,3.1447
492,Kulusevski,TOT,MID,6.3,3.4046,0.94117,3.2043
493,"Lo Celso",TOT,MID,4.9,1.86345,0,1.01213
494,Maddison,TOT,MID,7.6,3.8703,0.94123,3.64284
495,"Pedro Porro",TOT,DEF,5.6,3.65775,0.94122,3.44275
496,Reguilón,TOT,DEF,4.2,2.79903,0.02604,0.0729
497,Richarlison,TOT,FWD,6.8,0,0,0
498,Romero,TOT,DEF,5,3.03378,0.64,1.94162
499,P.M.Sarr,TOT,MID,4.8,2.18283,0.94122,2.05451
500,Scarlett,TOT,FWD,4.5,0,0,0
501,Skipp,LEI,MID,4.8,1.70412,0.60133,1.02474
502,Solomon,TOT,MID,5.4,0,0,0
503,Son,TOT,MID,9.8,4.91682,0.94218,4.63254
504,Spence,TOT,DEF,4.4,2.38892,0.18882,0.45109
505,Udogie,TOT,DEF,4.9,2.98304,0.93975,2.8033
506,"Van de Ven",TOT,DEF,4.5,2.74498,0.89155,2.44728
507,Veliz,TOT,FWD,5,0,0,0
508,Vicario,TOT,GK,4.9,0,0,0
509,Werner,TOT,MID,6.2,2.75175,0.91348,2.51367
510,Whiteman,TOT,GK,4,4.31758,0.002,0.00864
511,Álvarez,WHU,MID,5,1.80559,0.85697,1.54733
512,Antonio,WHU,FWD,5.4,0,0,0
513,Areola,WHU,GK,4.2,4.20237,0.2,0.84048
514,Bowen,WHU,MID,7.4,3.35405,0.93609,3.1397
515,Cornet,SOU,MID,4.7,1.71106,0.04492,0.07686
516,Coufal,WHU,DEF,4.2,2.50442,0.55667,1.39415
517,Cresswell,WHU,DEF,4,2.03425,0.3527,0.71749
518,Downes,SOU,MID,4.8,2.36464,0.8681,2.05274
519,Earthy,WHU,MID,4.5,0,0,0
520,Emerson,WHU,DEF,4.4,0,0,0
521,Fabianski,WHU,GK,4.1,3.87905,0.8,3.10324
522,Foderingham,WHU,GK,4.3,4.23072,0.0022,0.00933
523,Ings,WHU,FWD,5,1.57379,0.81497,1.2826
524,Kilman,WHU,DEF,4.5,2.8778,0.94123,2.70868
525,Kudus,WHU,MID,6.2,2.58532,0.81996,2.11986
526,L.Guilherme,WHU,MID,4.7,1.85781,0.12014,0.2232
527,L.Paquetá,WHU,MID,5.7,2.38281,0.94117,2.24262
528,Mavropanos,WHU,DEF,4.4,2.47952,0.75115,1.8625
529,N.Aguerd,WHU,DEF,4.4,0,0,0
530,Souček,WHU,MID,4.9,2.0924,0.90001,1.88319
531,Ward-Prowse,NFO,MID,6.2,2.62602,0.33305,0.87459
532,Zouma,WHU,DEF,4.4,0,0,0
533,Aït-Nouri,WOL,DEF,4.9,2.48458,0.9412,2.33848
534,B.Traore,WOL,MID,4.8,0,0,0
535,Bellegarde,WOL,MID,5,1.90221,0.77932,1.48242
536,Bentley,WOL,GK,4,2.8701,0.00205,0.00589
537,Chiquinho,WOL,MID,4.5,0,0,0
538,Chirewa,WOL,MID,4.5,0,0,0
539,Chiwome,WOL,FWD,4.5,1.59725,0.00319,0.0051
540,Cundle,WOL,MID,4.5,1.81234,0.00044,0.0008
541,Cunha,WOL,FWD,7.1,3.19559,0.94077,3.00631
542,Dawson,WOL,DEF,4.4,2.18941,0.64887,1.42064
543,Doherty,WOL,DEF,4.3,2.06293,0.63353,1.30692
544,Doyle,WOL,MID,4.8,1.62988,0.74255,1.21027
545,"Fábio Silva",WOL,FWD,5,0,0,0
546,Fraser,WOL,FWD,4.5,0,0,0
547,Gonzalez,WOL,MID,4.4,0,0,0
548,Guedes,WOL,MID,5.3,1.82845,0.91247,1.66841
549,H.Bueno,WOL,DEF,4.5,0,0,0
550,"Hee Chan",WOL,MID,6.1,2.05203,0.69407,1.42425
551,Hodge,WOL,MID,4.5,0,0,0
552,Hoever,WOL,DEF,4,0,0,0
553,J.Gomes,WOL,MID,4.9,0,0,0
554,"José Sá",WOL,GK,4.3,3.16356,0.8,2.53085
555,Kalajdžić,WOL,FWD,4.8,0,0,0
556,King,WOL,GK,4,2.91161,0.002,0.00582
557,"Mario Jr.",WOL,MID,5,2.54493,0.94123,2.39535
558,Mosquera,WOL,DEF,3.9,0,0,0
559,N.Semedo,WOL,DEF,4.5,2.31695,0.92259,2.13761
560,Neto,CHE,MID,6.2,0,0,0
561,"Pedro Lima",WOL,DEF,4,1.97916,0.00448,0.00886
562,Podence,WOL,MID,5.5,2.28528,0,1.57806
563,R.Gomes,WOL,MID,5.2,1.95838,0.78876,1.5447
564,S.Bueno,WOL,DEF,4.3,2.36849,0.75973,1.79941
565,Sarabia,WOL,MID,5.1,2.42633,0.22239,0.53959
566,"Strand Larsen",WOL,FWD,5.6,2.6045,0.87211,2.27141
567,Toti,WOL,DEF,4.3,2.30831,0.93017,2.14712
568,Muric,IPS,GK,4.4,4.0679,0.94935,3.86186
569,Jaden,AVL,MID,5.3,1.41763,0.88925,1.26062
570,A.Fatawu,LEI,MID,5.2,0,0,0
571,Sávio,MCI,MID,6.5,2.80141,0.86007,2.40941
572,Yoro,MUN,DEF,4.3,2.91347,0.64059,1.86635
573,Milenković,NFO,DEF,4.5,2.64465,0.87113,2.30383
574,Pivas,NEW,DEF,4,0,0,0
575,Wiley,CHE,DEF,4,0,0,0
576,Irving,WHU,MID,4.8,1.51866,0.35711,0.54232
577,Lindstrøm,EVE,MID,5.1,1.97235,0.83375,1.64444
578,Calafiori,ARS,DEF,5.8,3.23685,0.44529,1.44133
579,Sessegnon,FUL,DEF,4.2,2.78507,0.13591,0.37852
580,Huijsen,BOU,DEF,4.3,2.47836,0.79898,1.98016
581,Jørgensen,CHE,GK,4.2,3.31723,0.2,0.66345
582,O'Brien,EVE,DEF,4.6,2.948,0.1961,0.57811
583,Townsend,IPS,DEF,4,2.15233,0.07485,0.1611
584,"Brereton Díaz",SOU,MID,4.9,1.94597,0.70885,1.37941
585,I.Sarr,CRY,MID,5.7,2.41754,0.92183,2.22856
586,J.Cuenca,FUL,DEF,4.4,2.65374,0.56426,1.49739
587,Summerville,WHU,MID,5.7,2.16238,0.87014,1.88156
588,G.Rodríguez,WHU,MID,4.8,1.7958,0.80123,1.43884
589,Füllkrug,WHU,FWD,6.7,2.15519,0.56748,1.22304
590,Osula,NEW,FWD,5,1.5731,0.19997,0.31458
591,Todibo,WHU,DEF,4.3,2.64006,0.85617,2.26034
592,J.Araujo,BOU,DEF,4.4,0,0,0
593,"De Ligt",MUN,DEF,5,3.15058,0.91299,2.87644
594,Mazraoui,MUN,DEF,4.7,2.98975,0.87195,2.60692
595,Gruda,BHA,MID,5.4,2.00345,0.44797,0.89749
596,"Jota Silva",NFO,MID,5.9,2.24791,0.9189,2.0656
597,Lewis-Skelly,ARS,MID,4.5,1.53455,0.1132,0.1737
598,Bogarde,AVL,DEF,4,2.10653,0.13899,0.29278
599,Dennis,BOU,GK,4,3.33374,0.00205,0.00682
600,Ayari,BHA,MID,5,2.2763,0.77381,1.76143
601,Moran,BHA,MID,5,0,0,0
602,Trevitt,BRE,MID,4.5,1.62646,0.02045,0.03327
603,Armstrong,EVE,MID,4.5,1.20739,0.23748,0.28673
604,King,FUL,MID,4.5,1.5718,0.16758,0.26341
605,Godo,FUL,MID,4.5,1.6155,0.00429,0.00692
606,Alves,LEI,MID,4.5,1.74313,0.00447,0.00779
607,O’Reilly,MCI,MID,4.9,2.13895,0.0047,0.01005
608,Dibling,SOU,MID,4.5,1.89896,0.87144,1.65482
609,Lankshear,TOT,FWD,4.5,1.86882,0.14383,0.2688
610,Moore,TOT,MID,4.5,0,0,0
611,Szmodics,IPS,MID,5.8,2.34694,0.85206,1.99973
612,Odobert,TOT,MID,5.3,0,0,0
613,Collyer,MUN,MID,4.5,1.61676,0.01226,0.01982
614,Metcalfe,EVE,MID,4.5,0,0,0
615,Rushworth,BHA,GK,4,0,0,0
616,Nelson,LEI,DEF,4,0,0,0
617,Evanilson,BOU,FWD,6.1,2.80727,0.91868,2.57897
618,Georginio,BHA,MID,5.6,2.42265,0.91012,2.20489
619,Cajuste,IPS,MID,4.5,1.9175,0.85696,1.64322
620,Sosa,NFO,MID,5.5,1.75665,0.7261,1.27551
621,"João Félix",CHE,MID,6,2.1477,0.72841,1.5644
622,Berge,FUL,MID,5,2.14221,0.867,1.85729
623,M.Fernandes,SOU,MID,5,2.45285,0.87188,2.13859
624,Begovic,EVE,GK,4,4.45094,0.06008,0.2674
625,Gündogan,MCI,MID,6.5,2.55267,0.87197,2.22585
626,Kaboré,MCI,DEF,4.5,0,0,0
627,Dixon,EVE,DEF,4,2.54903,0.01351,0.03443
628,F.Kadıoğlu,BHA,DEF,4.5,2.3899,0.05474,0.13082
629,O'Riley,BHA,MID,5.5,2.0696,0.87047,1.80152
630,O'Shea,IPS,DEF,4,2.56683,0.93344,2.39597
631,J.Clarke,IPS,MID,5.5,2.09121,0.91567,1.91486
632,Ogbene,IPS,MID,4.9,0,0,0
633,Merino,ARS,MID,6,2.33166,0.808,1.88399
634,G.Nunes,BRE,MID,4.9,0,0,0
635,"El Khannouss",LEI,MID,4.8,2.26538,0.79138,1.79278
636,Chiesa,LIV,MID,6.8,2.79123,0.32703,0.91281
637,Meupiyou,WOL,DEF,4,1.97916,0.13731,0.27175
638,"Oulad M'hand",ARS,MID,4.5,1.87285,0.00637,0.01193
639,Setford,ARS,GK,4.5,3.25452,0.00209,0.00679
640,Swinkels,AVL,DEF,4,2.13332,0.00762,0.01625
641,Zych,AVL,GK,4,3.55525,0.002,0.00711
642,André,WOL,MID,5,2.23905,0.81264,1.81955
643,Casey,WHU,DEF,4,2.18169,0.00908,0.0198
644,Umeh-Chibueze,CRY,MID,4.4,1.74233,5.0E-5,8.0E-5
645,Devenny,CRY,MID,4.5,1.83715,0.7308,1.34259
646,Agbinone,CRY,MID,4.5,1.55524,0.13405,0.20848
647,Rodney,CRY,MID,4.5,1.74233,0.00028,0.00049
648,Wheatley,MUN,FWD,4.5,1.27106,0.01467,0.01865
649,Meghoma,BRE,DEF,4,2.43751,0.00996,0.02428
650,Lacroix,CRY,DEF,4.5,2.9171,0.87114,2.54119
651,Mangala,EVE,MID,5,1.82143,0.93596,1.70478
652,Ugarte,MUN,MID,4.9,1.91055,0.84304,1.61067
653,Morato,NFO,DEF,4.5,2.24911,0.70694,1.58997
654,C.Soler,WHU,MID,5,1.66874,0.87047,1.45259
655,Forbs,WOL,MID,5.5,1.85655,0.31907,0.59237
656,Young,AVL,MID,4.5,1.76182,0.00679,0.01196
657,Kacurri,ARS,DEF,4,1.93921,0.00833,0.01614
658,Heaven,ARS,DEF,4,1.93921,0.00833,0.01614
659,Kabia,ARS,MID,4.5,1.87544,0.00819,0.01536
660,Jaros,LIV,GK,4,3.34891,0.00259,0.00866
661,Yogane,BRE,MID,4.5,1.72004,0.01253,0.02156
662,Nichols,ARS,DEF,4,1.93277,0.01392,0.02691
663,Samuels,BHA,DEF,4,1.98393,0.01701,0.03374
664,Pond,WOL,DEF,3.9,1.92883,0.12844,0.24775
665,Butler-Oyedeji,ARS,FWD,4.5,1.67421,0.01744,0.0292
666,Kporha,CRY,DEF,4,2.18228,0.11105,0.24234
667,Fletcher,MUN,MID,4.5,1.65369,0.02445,0.04043
668,Cahill,BHA,GK,3.9,3.3756,0.00243,0.0082
669,Davies,LIV,GK,4,3.44244,0.002,0.00688
670,Amass,MUN,DEF,4,2.54902,0.00413,0.01054
671,Wright,MCI,MID,4.5,1.78191,0.00071,0.00126
672,Simpson-Pusey,MCI,DEF,4,1.97066,0.15245,0.30043
673,Fitzgerald,MUN,MID,4.5,1.65906,0.04263,0.07072
674,Maghoma,BRE,MID,4.5,1.55557,0.5027,0.78199
675,Wilson-Esbrand,MCI,DEF,4,1.99089,0.05457,0.10864
676,Marsh,CRY,FWD,4.5,1.51576,0.05289,0.08018
677,Scarles,WHU,DEF,4,2.19802,0.00058,0.00128
678,Bates,EVE,MID,4.5,1.61993,0.10195,0.16516
679,Broggio,AVL,MID,4.5,1.77868,0.08263,0.14696
680,Kinsey,BOU,DEF,4,2.09811,0.00074,0.00155
681,McConville,BHA,DEF,4,2.01908,0.10351,0.209
682,Edozie,WOL,MID,4.5,1.83478,0.096,0.17614
683,Olusesi,TOT,MID,4.5,2.06289,0.07574,0.15625
684,Hardy,TOT,DEF,4,2.17397,0.08813,0.1916
685,Slater,BHA,DEF,4,2.02318,0.14304,0.28939
686,Mayers,WHU,DEF,4,2.20706,0.15075,0.33271
687,Winterburn,BOU,MID,4.5,1.92404,0.13166,0.25331
688,Nyoni,LIV,MID,4.5,1.78656,0.00013,0.00024
689,Williams-Barnett,TOT,MID,4.5,2.07182,0.1022,0.21174
690,Amissah,FUL,DEF,4,2.45397,0.14132,0.34679
691,Kukonki,MUN,DEF,4,2.56598,0.16293,0.41806
692,Nallo,LIV,DEF,4,2.04096,0.00839,0.01712
693,O'Brien-Whitmarsh,SOU,MID,4.5,1.80526,0.21751,0.39266
